"Province","Year","Statistic Label","UNIT","VALUE"
"State","1861","Population of Irish Speakers","Number","1077087"
"State","1861","Population of Non-Irish Speakers","Number","3325024"
"State","1861","Percentage of Irish Speakers","%","24.5"
"State","1871","Population of Irish Speakers","Number","804547"
"State","1871","Population of Non-Irish Speakers","Number","3248640"
"State","1871","Percentage of Irish Speakers","%","19.8"
"State","1881","Population of Irish Speakers","Number","924781"
"State","1881","Population of Non-Irish Speakers","Number","2945239"
"State","1881","Percentage of Irish Speakers","%","23.9"
"State","1891","Population of Irish Speakers","Number","664387"
"State","1891","Population of Non-Irish Speakers","Number","2804307"
"State","1891","Percentage of Irish Speakers","%","19.2"
"State","1901","Population of Irish Speakers","Number","619710"
"State","1901","Population of Non-Irish Speakers","Number","2602113"
"State","1901","Percentage of Irish Speakers","%","19.2"
"State","1911","Population of Irish Speakers","Number","553717"
"State","1911","Population of Non-Irish Speakers","Number","2585971"
"State","1911","Percentage of Irish Speakers","%","17.6"
"State","1926","Population of Irish Speakers","Number","540802"
"State","1926","Population of Non-Irish Speakers","Number","2261650"
"State","1926","Percentage of Irish Speakers","%","19.3"
"State","1936","Population of Irish Speakers","Number","666601"
"State","1936","Population of Non-Irish Speakers","Number","2140324"
"State","1936","Percentage of Irish Speakers","%","23.7"
"State","1946","Population of Irish Speakers","Number","588725"
"State","1946","Population of Non-Irish Speakers","Number","2182932"
"State","1946","Percentage of Irish Speakers","%","21.2"
"State","1961","Population of Irish Speakers","Number","716420"
"State","1961","Population of Non-Irish Speakers","Number","1919398"
"State","1961","Percentage of Irish Speakers","%","27.2"
"State","1971","Population of Irish Speakers","Number","789429"
"State","1971","Population of Non-Irish Speakers","Number","1998019"
"State","1971","Percentage of Irish Speakers","%","28.3"
"State","1981","Population of Irish Speakers","Number","1018413"
"State","1981","Population of Non-Irish Speakers","Number","2208054"
"State","1981","Percentage of Irish Speakers","%","31.6"
"State","1986","Population of Irish Speakers","Number","1042701"
"State","1986","Population of Non-Irish Speakers","Number","2310931"
"State","1986","Percentage of Irish Speakers","%","31.1"
"State","1991","Population of Irish Speakers","Number","1095830"
"State","1991","Population of Non-Irish Speakers","Number","2271176"
"State","1991","Percentage of Irish Speakers","%","32.5"
"State","1996","Population of Irish Speakers","Number","1430205"
"State","1996","Population of Non-Irish Speakers","Number","2049443"
"State","1996","Percentage of Irish Speakers","%","41.1"
"State","2002","Population of Irish Speakers","Number","1570894"
"State","2002","Population of Non-Irish Speakers","Number","2180101"
"State","2002","Percentage of Irish Speakers","%","41.9"
"State","2006","Population of Irish Speakers","Number","1656790"
"State","2006","Population of Non-Irish Speakers","Number","2400856"
"State","2006","Percentage of Irish Speakers","%","40.8"
"State","2011","Population of Irish Speakers","Number","1774437"
"State","2011","Population of Non-Irish Speakers","Number","2596194"
"State","2011","Percentage of Irish Speakers","%","40.6"
"State","2016","Population of Irish Speakers","Number","1761420"
"State","2016","Population of Non-Irish Speakers","Number","2807841"
"State","2016","Percentage of Irish Speakers","%","38.5"
"Leinster","1861","Population of Irish Speakers","Number","35704"
"Leinster","1861","Population of Non-Irish Speakers","Number","1421931"
"Leinster","1861","Percentage of Irish Speakers","%","2.4"
"Leinster","1871","Population of Irish Speakers","Number","16247"
"Leinster","1871","Population of Non-Irish Speakers","Number","1323204"
"Leinster","1871","Percentage of Irish Speakers","%","1.2"
"Leinster","1881","Population of Irish Speakers","Number","27452"
"Leinster","1881","Population of Non-Irish Speakers","Number","1251537"
"Leinster","1881","Percentage of Irish Speakers","%","2.1"
"Leinster","1891","Population of Irish Speakers","Number","13677"
"Leinster","1891","Population of Non-Irish Speakers","Number","1174083"
"Leinster","1891","Percentage of Irish Speakers","%","1.2"
"Leinster","1901","Population of Irish Speakers","Number","26436"
"Leinster","1901","Population of Non-Irish Speakers","Number","1126393"
"Leinster","1901","Percentage of Irish Speakers","%","2.3"
"Leinster","1911","Population of Irish Speakers","Number","40225"
"Leinster","1911","Population of Non-Irish Speakers","Number","1121819"
"Leinster","1911","Percentage of Irish Speakers","%","3.5"
"Leinster","1926","Population of Irish Speakers","Number","101102"
"Leinster","1926","Population of Non-Irish Speakers","Number","978536"
"Leinster","1926","Percentage of Irish Speakers","%","9.4"
"Leinster","1936","Population of Irish Speakers","Number","183378"
"Leinster","1936","Population of Non-Irish Speakers","Number","966434"
"Leinster","1936","Percentage of Irish Speakers","%","15.9"
"Leinster","1946","Population of Irish Speakers","Number","180755"
"Leinster","1946","Population of Non-Irish Speakers","Number","1017491"
"Leinster","1946","Percentage of Irish Speakers","%","15.1"
"Leinster","1961","Population of Irish Speakers","Number","274644"
"Leinster","1961","Population of Non-Irish Speakers","Number","964383"
"Leinster","1961","Percentage of Irish Speakers","%","22.2"
"Leinster","1971","Population of Irish Speakers","Number","341702"
"Leinster","1971","Population of Non-Irish Speakers","Number","1055160"
"Leinster","1971","Percentage of Irish Speakers","%","24.5"
"Leinster","1981","Population of Irish Speakers","Number","473225"
"Leinster","1981","Population of Non-Irish Speakers","Number","1202292"
"Leinster","1981","Percentage of Irish Speakers","%","28.2"
"Leinster","1986","Population of Irish Speakers","Number","480227"
"Leinster","1986","Population of Non-Irish Speakers","Number","1274353"
"Leinster","1986","Percentage of Irish Speakers","%","27.4"
"Leinster","1991","Population of Irish Speakers","Number","511639"
"Leinster","1991","Population of Non-Irish Speakers","Number","1264188"
"Leinster","1991","Percentage of Irish Speakers","%","28.8"
"Leinster","1996","Population of Irish Speakers","Number","689703"
"Leinster","1996","Population of Non-Irish Speakers","Number","1155696"
"Leinster","1996","Percentage of Irish Speakers","%","37.4"
"Leinster","2002","Population of Irish Speakers","Number","768404"
"Leinster","2002","Population of Non-Irish Speakers","Number","1245467"
"Leinster","2002","Percentage of Irish Speakers","%","38.2"
"Leinster","2006","Population of Irish Speakers","Number","823555"
"Leinster","2006","Population of Non-Irish Speakers","Number","1370796"
"Leinster","2006","Percentage of Irish Speakers","%","37.5"
"Leinster","2011","Population of Irish Speakers","Number","890834"
"Leinster","2011","Population of Non-Irish Speakers","Number","1491799"
"Leinster","2011","Percentage of Irish Speakers","%","37.4"
"Leinster","2016","Population of Irish Speakers","Number","897357"
"Leinster","2016","Population of Non-Irish Speakers","Number","1628022"
"Leinster","2016","Percentage of Irish Speakers","%","35.5"
"Munster","1861","Population of Irish Speakers","Number","545531"
"Munster","1861","Population of Non-Irish Speakers","Number","968027"
"Munster","1861","Percentage of Irish Speakers","%","36"
"Munster","1871","Population of Irish Speakers","Number","386494"
"Munster","1871","Population of Non-Irish Speakers","Number","1006991"
"Munster","1871","Percentage of Irish Speakers","%","27.7"
"Munster","1881","Population of Irish Speakers","Number","445766"
"Munster","1881","Population of Non-Irish Speakers","Number","885349"
"Munster","1881","Percentage of Irish Speakers","%","33.5"
"Munster","1891","Population of Irish Speakers","Number","307633"
"Munster","1891","Population of Non-Irish Speakers","Number","864769"
"Munster","1891","Percentage of Irish Speakers","%","26.2"
"Munster","1901","Population of Irish Speakers","Number","276268"
"Munster","1901","Population of Non-Irish Speakers","Number","799920"
"Munster","1901","Percentage of Irish Speakers","%","25.7"
"Munster","1911","Population of Irish Speakers","Number","228694"
"Munster","1911","Population of Non-Irish Speakers","Number","806801"
"Munster","1911","Percentage of Irish Speakers","%","22.1"
"Munster","1926","Population of Irish Speakers","Number","197625"
"Munster","1926","Population of Non-Irish Speakers","Number","718068"
"Munster","1926","Percentage of Irish Speakers","%","21.6"
"Munster","1936","Population of Irish Speakers","Number","224805"
"Munster","1936","Population of Non-Irish Speakers","Number","668030"
"Munster","1936","Percentage of Irish Speakers","%","25.2"
"Munster","1946","Population of Irish Speakers","Number","189395"
"Munster","1946","Population of Non-Irish Speakers","Number","672660"
"Munster","1946","Percentage of Irish Speakers","%","22"
"Munster","1961","Population of Irish Speakers","Number","228726"
"Munster","1961","Population of Non-Irish Speakers","Number","567613"
"Munster","1961","Percentage of Irish Speakers","%","28.7"
"Munster","1971","Population of Irish Speakers","Number","252805"
"Munster","1971","Population of Non-Irish Speakers","Number","573308"
"Munster","1971","Percentage of Irish Speakers","%","30.6"
"Munster","1981","Population of Irish Speakers","Number","323704"
"Munster","1981","Population of Non-Irish Speakers","Number","612526"
"Munster","1981","Percentage of Irish Speakers","%","34.6"
"Munster","1986","Population of Irish Speakers","Number","337043"
"Munster","1986","Population of Non-Irish Speakers","Number","630434"
"Munster","1986","Percentage of Irish Speakers","%","34.8"
"Munster","1991","Population of Irish Speakers","Number","352177"
"Munster","1991","Population of Non-Irish Speakers","Number","612988"
"Munster","1991","Percentage of Irish Speakers","%","36.5"
"Munster","1996","Population of Irish Speakers","Number","451129"
"Munster","1996","Population of Non-Irish Speakers","Number","541616"
"Munster","1996","Percentage of Irish Speakers","%","45.4"
"Munster","2002","Population of Irish Speakers","Number","493500"
"Munster","2002","Population of Non-Irish Speakers","Number","561683"
"Munster","2002","Percentage of Irish Speakers","%","46.8"
"Munster","2006","Population of Irish Speakers","Number","510005"
"Munster","2006","Population of Non-Irish Speakers","Number","614563"
"Munster","2006","Percentage of Irish Speakers","%","45.4"
"Munster","2011","Population of Irish Speakers","Number","537564"
"Munster","2011","Population of Non-Irish Speakers","Number","651550"
"Munster","2011","Percentage of Irish Speakers","%","45.2"
"Munster","2016","Population of Irish Speakers","Number","526243"
"Munster","2016","Population of Non-Irish Speakers","Number","703833"
"Munster","2016","Percentage of Irish Speakers","%","42.8"
"Connacht","1861","Population of Irish Speakers","Number","409482"
"Connacht","1861","Population of Non-Irish Speakers","Number","503653"
"Connacht","1861","Percentage of Irish Speakers","%","44.8"
"Connacht","1871","Population of Irish Speakers","Number","330211"
"Connacht","1871","Population of Non-Irish Speakers","Number","516002"
"Connacht","1871","Percentage of Irish Speakers","%","39"
"Connacht","1881","Population of Irish Speakers","Number","366191"
"Connacht","1881","Population of Non-Irish Speakers","Number","455466"
"Connacht","1881","Percentage of Irish Speakers","%","44.6"
"Connacht","1891","Population of Irish Speakers","Number","274783"
"Connacht","1891","Population of Non-Irish Speakers","Number","449991"
"Connacht","1891","Percentage of Irish Speakers","%","37.9"
"Connacht","1901","Population of Irish Speakers","Number","245580"
"Connacht","1901","Population of Non-Irish Speakers","Number","401352"
"Connacht","1901","Percentage of Irish Speakers","%","38"
"Connacht","1911","Population of Irish Speakers","Number","217087"
"Connacht","1911","Population of Non-Irish Speakers","Number","393897"
"Connacht","1911","Percentage of Irish Speakers","%","35.5"
"Connacht","1926","Population of Irish Speakers","Number","174234"
"Connacht","1926","Population of Non-Irish Speakers","Number","348964"
"Connacht","1926","Percentage of Irish Speakers","%","33.3"
"Connacht","1936","Population of Irish Speakers","Number","183082"
"Connacht","1936","Population of Non-Irish Speakers","Number","315322"
"Connacht","1936","Percentage of Irish Speakers","%","36.7"
"Connacht","1946","Population of Irish Speakers","Number","154187"
"Connacht","1946","Population of Non-Irish Speakers","Number","309638"
"Connacht","1946","Percentage of Irish Speakers","%","33.2"
"Connacht","1961","Population of Irish Speakers","Number","148708"
"Connacht","1961","Population of Non-Irish Speakers","Number","246592"
"Connacht","1961","Percentage of Irish Speakers","%","37.6"
"Connacht","1971","Population of Irish Speakers","Number","137372"
"Connacht","1971","Population of Non-Irish Speakers","Number","231960"
"Connacht","1971","Percentage of Irish Speakers","%","37.2"
"Connacht","1981","Population of Irish Speakers","Number","155134"
"Connacht","1981","Population of Non-Irish Speakers","Number","244264"
"Connacht","1981","Percentage of Irish Speakers","%","38.8"
"Connacht","1986","Population of Irish Speakers","Number","158386"
"Connacht","1986","Population of Non-Irish Speakers","Number","250474"
"Connacht","1986","Percentage of Irish Speakers","%","38.7"
"Connacht","1991","Population of Irish Speakers","Number","162680"
"Connacht","1991","Population of Non-Irish Speakers","Number","242091"
"Connacht","1991","Percentage of Irish Speakers","%","40.2"
"Connacht","1996","Population of Irish Speakers","Number","201195"
"Connacht","1996","Population of Non-Irish Speakers","Number","215809"
"Connacht","1996","Percentage of Irish Speakers","%","48.2"
"Connacht","2002","Population of Irish Speakers","Number","216128"
"Connacht","2002","Population of Non-Irish Speakers","Number","229844"
"Connacht","2002","Percentage of Irish Speakers","%","48.5"
"Connacht","2006","Population of Irish Speakers","Number","224953"
"Connacht","2006","Population of Non-Irish Speakers","Number","258407"
"Connacht","2006","Percentage of Irish Speakers","%","46.5"
"Connacht","2011","Population of Irish Speakers","Number","239493"
"Connacht","2011","Population of Non-Irish Speakers","Number","278966"
"Connacht","2011","Percentage of Irish Speakers","%","46.2"
"Connacht","2016","Population of Irish Speakers","Number","233807"
"Connacht","2016","Population of Non-Irish Speakers","Number","295485"
"Connacht","2016","Percentage of Irish Speakers","%","44.2"
"Ulster (pt)","1861","Population of Irish Speakers","Number","86370"
"Ulster (pt)","1861","Population of Non-Irish Speakers","Number","431413"
"Ulster (pt)","1861","Percentage of Irish Speakers","%","16.7"
"Ulster (pt)","1871","Population of Irish Speakers","Number","71595"
"Ulster (pt)","1871","Population of Non-Irish Speakers","Number","402443"
"Ulster (pt)","1871","Percentage of Irish Speakers","%","15.1"
"Ulster (pt)","1881","Population of Irish Speakers","Number","85372"
"Ulster (pt)","1881","Population of Non-Irish Speakers","Number","352887"
"Ulster (pt)","1881","Percentage of Irish Speakers","%","19.5"
"Ulster (pt)","1891","Population of Irish Speakers","Number","68294"
"Ulster (pt)","1891","Population of Non-Irish Speakers","Number","315464"
"Ulster (pt)","1891","Percentage of Irish Speakers","%","17.8"
"Ulster (pt)","1901","Population of Irish Speakers","Number","71426"
"Ulster (pt)","1901","Population of Non-Irish Speakers","Number","274448"
"Ulster (pt)","1901","Percentage of Irish Speakers","%","20.7"
"Ulster (pt)","1911","Population of Irish Speakers","Number","67711"
"Ulster (pt)","1911","Population of Non-Irish Speakers","Number","263454"
"Ulster (pt)","1911","Percentage of Irish Speakers","%","20.4"
"Ulster (pt)","1926","Population of Irish Speakers","Number","67841"
"Ulster (pt)","1926","Population of Non-Irish Speakers","Number","216082"
"Ulster (pt)","1926","Percentage of Irish Speakers","%","23.9"
"Ulster (pt)","1936","Population of Irish Speakers","Number","75336"
"Ulster (pt)","1936","Population of Non-Irish Speakers","Number","190538"
"Ulster (pt)","1936","Percentage of Irish Speakers","%","28.3"
"Ulster (pt)","1946","Population of Irish Speakers","Number","64388"
"Ulster (pt)","1946","Population of Non-Irish Speakers","Number","183143"
"Ulster (pt)","1946","Percentage of Irish Speakers","%","26"
"Ulster (pt)","1961","Population of Irish Speakers","Number","64342"
"Ulster (pt)","1961","Population of Non-Irish Speakers","Number","140810"
"Ulster (pt)","1961","Percentage of Irish Speakers","%","31.4"
"Ulster (pt)","1971","Population of Irish Speakers","Number","57550"
"Ulster (pt)","1971","Population of Non-Irish Speakers","Number","137591"
"Ulster (pt)","1971","Percentage of Irish Speakers","%","29.5"
"Ulster (pt)","1981","Population of Irish Speakers","Number","66350"
"Ulster (pt)","1981","Population of Non-Irish Speakers","Number","148972"
"Ulster (pt)","1981","Percentage of Irish Speakers","%","30.8"
"Ulster (pt)","1986","Population of Irish Speakers","Number","67045"
"Ulster (pt)","1986","Population of Non-Irish Speakers","Number","155670"
"Ulster (pt)","1986","Percentage of Irish Speakers","%","30.1"
"Ulster (pt)","1991","Population of Irish Speakers","Number","69334"
"Ulster (pt)","1991","Population of Non-Irish Speakers","Number","151909"
"Ulster (pt)","1991","Percentage of Irish Speakers","%","31.3"
"Ulster (pt)","1996","Population of Irish Speakers","Number","88178"
"Ulster (pt)","1996","Population of Non-Irish Speakers","Number","136322"
"Ulster (pt)","1996","Percentage of Irish Speakers","%","39.3"
"Ulster (pt)","2002","Population of Irish Speakers","Number","92862"
"Ulster (pt)","2002","Population of Non-Irish Speakers","Number","143107"
"Ulster (pt)","2002","Percentage of Irish Speakers","%","39.4"
"Ulster (pt)","2006","Population of Irish Speakers","Number","98277"
"Ulster (pt)","2006","Population of Non-Irish Speakers","Number","157090"
"Ulster (pt)","2006","Percentage of Irish Speakers","%","38.5"
"Ulster (pt)","2011","Population of Irish Speakers","Number","106546"
"Ulster (pt)","2011","Population of Non-Irish Speakers","Number","173879"
"Ulster (pt)","2011","Percentage of Irish Speakers","%","38"
"Ulster (pt)","2016","Population of Irish Speakers","Number","104013"
"Ulster (pt)","2016","Population of Non-Irish Speakers","Number","180501"
"Ulster (pt)","2016","Percentage of Irish Speakers","%","36.6"
